{
  "sbert_auroc_clean": 0.8145,
  "sbert_auroc_ci": [
    0.801,
    0.828
  ],
  "deberta_auroc_clean": 0.9709,
  "deberta_training_log": [
    {
      "epoch": 1,
      "loss": NaN,
      "val_auroc": 0.0,
      "head_grad_norm": NaN,
      "pred_std": "nan"
    },
    {
      "epoch": 2,
      "loss": NaN,
      "val_auroc": 0.0,
      "head_grad_norm": NaN,
      "pred_std": "nan"
    }
  ],
  "hrs_scores": [
    {
      "domain": "education",
      "pair_type": "high_intervention",
      "ai_words": 1574,
      "hum_words": 1488,
      "sbert_base": 0.2368314752667424,
      "sbert_edited": 0.27096452738093835,
      "sbert_delta": -0.034133052114195955,
      "deberta_base": NaN,
      "deberta_edited": NaN,
      "deberta_delta": NaN,
      "H1_density_base": 0.008510854683424296,
      "H1_density_edited": 0.013862287644112464,
      "H1_density_delta": -0.005351432960688168,
      "H1_total_base": 0.6468249559402466,
      "H1_total_edited": 1.4000910520553589,
      "hri_rate_base": 3.0158831003811946,
      "hri_rate_edited": 2.521505376344086,
      "hri_rate_delta": 0.49437772403710856,
      "intra_sim_base": 0.33441436290740967,
      "intra_sim_edited": 0.24267138540744781,
      "intra_sim_delta": 0.09174297749996185,
      "cross_bertscore_f1": 0.7181933272813298
    },
    {
      "domain": "policy",
      "pair_type": "high_intervention",
      "ai_words": 1956,
      "hum_words": 1966,
      "sbert_base": 0.07090957997067371,
      "sbert_edited": 0.2127326733240689,
      "sbert_delta": -0.14182309335339519,
      "deberta_base": NaN,
      "deberta_edited": NaN,
      "deberta_delta": NaN,
      "H1_density_base": 0.009753740848378932,
      "H1_density_edited": 0.00909000900056627,
      "H1_density_delta": 0.0006637318478126611,
      "H1_total_base": 0.9168516397476196,
      "H1_total_edited": 0.8181008100509644,
      "hri_rate_base": 2.733128834355828,
      "hri_rate_edited": 2.9643947100712107,
      "hri_rate_delta": -0.23126587571538249,
      "intra_sim_base": 0.40860822796821594,
      "intra_sim_edited": 0.3578735888004303,
      "intra_sim_delta": 0.050734639167785645,
      "cross_bertscore_f1": 0.8845337245750112
    },
    {
      "domain": "sustainability",
      "pair_type": "high_intervention",
      "ai_words": 324,
      "hum_words": 355,
      "sbert_base": 0.024778485270484145,
      "sbert_edited": 0.23044819855917673,
      "sbert_delta": -0.20566971328869257,
      "deberta_base": NaN,
      "deberta_edited": NaN,
      "deberta_delta": NaN,
      "H1_density_base": 0.003769257238933018,
      "H1_density_edited": 0.0048231085141499834,
      "H1_density_delta": -0.0010538512752169653,
      "H1_total_base": 0.052769601345062256,
      "H1_total_edited": 0.057877302169799805,
      "hri_rate_base": 3.861111111111111,
      "hri_rate_edited": 3.788732394366197,
      "hri_rate_delta": 0.07237871674491414,
      "intra_sim_base": 0.46365487575531006,
      "intra_sim_edited": 0.41916927695274353,
      "intra_sim_delta": 0.04448559880256653,
      "cross_bertscore_f1": 0.6927177720312101
    },
    {
      "domain": "sign_isl",
      "pair_type": "zero_intervention",
      "ai_words": 6199,
      "hum_words": 5917,
      "sbert_base": 0.6393481595496213,
      "sbert_edited": 0.7013029767343975,
      "sbert_delta": -0.061954817184776134,
      "deberta_base": NaN,
      "deberta_edited": NaN,
      "deberta_delta": NaN,
      "H1_density_base": 0.0334090907852371,
      "H1_density_edited": 0.030667418315086837,
      "H1_density_delta": 0.002741672470150263,
      "H1_total_base": 10.289999961853027,
      "H1_total_edited": 7.452182650566101,
      "hri_rate_base": 2.7793192450395225,
      "hri_rate_edited": 2.82491127260436,
      "hri_rate_delta": -0.0455920275648376,
      "intra_sim_base": 0.2109237015247345,
      "intra_sim_edited": 0.20813488960266113,
      "intra_sim_delta": 0.0027888119220733643,
      "cross_bertscore_f1": 0.707005520799294
    }
  ],
  "permutation_tests": {
    "H\u2081 Density": {
      "p_perm": 0.433,
      "mean_delta": 0.00011037293190246022,
      "cohens_d": 0.0231200898588577
    },
    "HRI Rate": {
      "p_perm": 0.235,
      "mean_delta": 0.1359572054479985,
      "cohens_d": 0.45102486814000825
    },
    "SBERT P(AI)": {
      "p_perm": 0.94,
      "mean_delta": -0.11128356270866377,
      "cohens_d": -1.4336381926604789
    },
    "Intra-doc Similarity": {
      "p_perm": 0.06,
      "mean_delta": 0.055873069912195206,
      "cohens_d": 2.270363533010594
    }
  },
  "argrewrite": {
    "n_essays": 21,
    "monotonic_pct": 9.523809523809524
  },
  "exported_figures": [
    "/root/ann/exports/persistence_landscapes_hrs.pdf",
    "/root/ann/exports/h1_density_comparison.pdf",
    "/root/ann/exports/argrewrite_trajectories.pdf",
    "/root/ann/exports/hrs_metric_deltas.pdf"
  ],
  "environment": {
    "gpu": "NVIDIA A100-SXM4-80GB",
    "vram_gb": 85.093777408,
    "seed": 42,
    "aihtd_n": 8238
  },
  "aihtd_H1_density_label1": 0.009543665858604432,
  "aihtd_H1_density_label0": 0.009463946008931785
}